{
    "Logistic Regression": {
        "f1_score": 0.927188382412263,
        "precision_score": 0.9195839167833567,
        "recall_score": 0.9349196664632906,
        "accuracy": 0.9183627317955676
    },
    "Decision Tree": {
        "f1_score": 0.9370998882227416,
        "precision_score": 0.9364337936636881,
        "recall_score": 0.9377669310555217,
        "accuracy": 0.9300090456806874
    },
    "Random Forest": {
        "f1_score": 0.958451560599919,
        "precision_score": 0.9551605736214906,
        "recall_score": 0.9617653040471832,
        "accuracy": 0.9536408864767074
    },
    "AdaBoost": {
        "f1_score": 0.9311178247734139,
        "precision_score": 0.9222022740873729,
        "recall_score": 0.9402074435631482,
        "accuracy": 0.9226594301221167
    },
    "Gradient Boosting": {
        "f1_score": 0.9562575941676792,
        "precision_score": 0.9522081064730793,
        "recall_score": 0.9603416717510678,
        "accuracy": 0.9511533242876526
    },
    "xgboost": {
        "f1_score": 0.9540671792796439,
        "precision_score": 0.9492651499899336,
        "recall_score": 0.9589180394549522,
        "accuracy": 0.9486657620985979
    }
}